company_name,category_query,city,phone,email,website,address,google_place_id
West Hill Grill,restaurants,"Denver, CO",(303) 933-7761,,http://www.westhillgrill.com/,"11614 W Belleview Ave # H, Littleton, CO 80127, USA",ChIJ1_mTibN4a4cRwrivVWzDW7s
The 49th Food & Spirits Denver,restaurants,"Denver, CO",(720) 255-2021,,http://www.the49thdenver.com/,"4550 S Kipling St #6, Denver, CO 80127, USA",ChIJBb0TnVt_a4cRUZDRsnuQpes
Pho 98 & Asian Cuisine,restaurants,"Denver, CO",(303) 972-9239,,https://www.pho98denver.com/,"4550 S Kipling St #17, Littleton, CO 80127, USA",ChIJCcJiYbl_a4cRW5zKvfuhmk8
Bandido's | Mexican Restaurant,restaurants,"Denver, CO",(303) 979-9746,,http://www.bandidosdenver.com/,"4550 S Kipling St #18, Denver, CO 80127, USA",ChIJU0sRgVt_a4cRk7Tjv7wfht0
Tamale Kitchen 7,restaurants,"Denver, CO",(303) 972-4477,,http://www.tamalekitchen7.com/,"5055 S Kipling St c9, Littleton, CO 80127, USA",ChIJb51glEZ_a4cRWYTHDN3FWQE
Saucy's Pizza,restaurants,"Denver, CO",(303) 904-8800,,https://mysaucyspizza.com/?utm_source=google,"5055 S Kipling St, Littleton, CO 80127, USA",ChIJtbdvaUZ_a4cR6aUHODiHb34
City Buffet,restaurants,"Denver, CO",(720) 541-6811,,https://cocitybuffet.com/,"5066 S Wadsworth Blvd Unit 123, Littleton, CO 80123, USA",ChIJL-vUJgB_a4cRg8jKeEjRCqk
EL TEJADO MEXICAN RESTAURANT,restaurants,"Denver, CO",,,,"Lakewood, CO 80123, USA",ChIJD_L0hXJ_a4cRfTmYPsFljQU
3 Margaritas Lakewood,restaurants,"Denver, CO",(303) 948-1454,,https://lakewood.3margaritas.com/,"5130 S Wadsworth Blvd, Littleton, CO 80123, USA",ChIJLXpFq3J_a4cR6n3X2h8PrHE
Applebee's Grill + Bar,restaurants,"Denver, CO",(303) 933-2230,,https://restaurants.applebees.com/en-us/co/lakewood/5250-s.-wadsworth-blvd.-84030?utm_source=google&utm_medium=organic&utm_campaign=google_my_business&utm_term=84030&utm_content=website,"5250 S Wadsworth Blvd, Lakewood, CO 80123, USA",ChIJnfMffA1_a4cRg-zGVsMbWng
Noodles and Company,restaurants,"Denver, CO",(303) 904-0870,,https://locations.noodles.com/co/littleton/8555-w-belleview-ave?utm_campaign=soci&utm_medium=organic&utm_source=google,"8555 W Belleview Ave, Littleton, CO 80123, USA",ChIJAQAAALB_a4cRq7P76Wn1tm8
Walter's303 Pizzeria & Publik House | Bow Mar,restaurants,"Denver, CO",(303) 795-3030,,https://walters303.com/location/bow-mar/,"5194 S Lowell Blvd, Littleton, CO 80123, USA",ChIJ7RwiT9h_a4cRODJN7kTeyfE
Ft Logan Eatery,restaurants,"Denver, CO",(720) 772-1715,,https://housedworkingandhealthy.org/eatery/,"Oxford and Lowell, 3525 W Oxford Ave Unit G1, Denver, CO 80236, USA",ChIJM7Y-mGx_a4cR3i0YenxQS9Y
Bistro 36 Drinkery & Eatery,restaurants,"Denver, CO",(720) 510-9439,,https://www.bistro36eatery.com/,"2620 W Belleview Ave, Littleton, CO 80123, USA",ChIJIen8hWiBbIcReg6B_9o4Lt4
Beyond Thai,restaurants,"Denver, CO",(303) 797-3380,,https://www.beyondthailittleton.com/menu,"2630 W Belleview Ave Ste 150, Littleton, CO 80123, USA",ChIJIxPWp5CBbIcR73qfU9dxVQQ
The 49th Food & Spirits Littleton,restaurants,"Denver, CO",(303) 872-3978,,http://the49thdenver.com/,"5350 S Santa Fe Dr F Suite, Littleton, CO 80120, USA",ChIJjR2ANQCBbIcRdEetqj89dBQ
Toast Fine Food & Coffee,restaurants,"Denver, CO",(303) 797-9543,,https://toastfinefoodandcoffee.com/,"2630 W Belleview Ave #100, Littleton, CO 80123, USA",ChIJVXN7qzKAbIcRn7v2_MRk6H4
Stone Creek Cafe,restaurants,"Denver, CO",(303) 798-1619,,http://stonecreek.cafe/,"5075 S Federal Blvd, Englewood, CO 80110, USA",ChIJqbCMLSSAbIcR9Eq0UHviK6w
"Cheba Hut ""Toasted"" Subs",restaurants,"Denver, CO",(720) 835-2420,,https://chebahut.com/locations/englewood-federal/,"5098 S Federal Blvd suite c, Englewood, CO 80110, USA",ChIJ36-CNwCBbIcRwNHQzKev_xw
Wyatt's at Broken Tee,restaurants,"Denver, CO",(720) 207-5078,,http://www.wyattsbrokentee.com/,"2101 W Oxford Ave, Englewood, CO 80110, USA",ChIJM-z1YDmBbIcRBV-N0glVkGM
Mike's Cafe,restaurants,"Denver, CO",(303) 806-5138,,https://m.facebook.com/profile.php/?id=100054319849882,"4110 S Federal Blvd, Englewood, CO 80110, USA",ChIJtbf7OBuAbIcRzY22KQYKJb0
Hujra Kebab & Gyros,restaurants,"Denver, CO",(720) 703-0821,,https://www.hujrakebabgyros.com/,"2897 W Belleview Ave A, Littleton, CO 80123, USA",ChIJBVbb0nmBbIcR1_pcn8FVSLw
Wayback Burgers,restaurants,"Denver, CO",(303) 794-3136,,https://waybackburgers.com/locations/colorado/englewood/?y_source=1_MTM4NTMxMzUtNzE1LWxvY2F0aW9uLndlYnNpdGU%3D,"5098 S Federal Blvd, Englewood, CO 80110, USA",ChIJ6WQXtiWAbIcRU5M1wAug0ZI
Taj Mahal Indian Cuisine,restaurants,"Denver, CO",(720) 595-3190,,https://www.tajmahallittleton.com/,"5350 S Santa Fe Dr C, Littleton, CO 80120, USA",ChIJgSoEKiCBbIcRcGxVXJlLB-M
Smokin' Outlaw Kitchen,restaurants,"Denver, CO",(303) 875-9943,,http://www.smokinoutlawkitchen.us/,"4211 S Natches Ct a, Englewood, CO 80110, USA",ChIJM-vmUXKBbIcRu8GdCegB12Y
ReplyWiseAi,restaurants,"Denver, CO",,,,"5460 S Broadway, Englewood, CO 80113, USA",ChIJpxpWU6OBbIcRfOjemvX4LFM
Asuka Ramen and Poke,restaurants,"Denver, CO",(303) 993-8281,,https://www.asukadtc.com/,"4011 S Broadway, Englewood, CO 80113, USA",ChIJL-8YaOmBbIcRWlIk00hsC_A
Black-eyed Pea,restaurants,"Denver, CO",(303) 788-1350,,http://blackeyedpeacolorado.com/,"5180 S Broadway, Englewood, CO 80113, USA",ChIJ35hkelaAbIcRnT2p9UCdlmM
Alvarado's Mexican Fast Food,restaurants,"Denver, CO",(720) 479-8029,,https://mexicanfastfoodenglewood.com/,"4901 S Broadway, Englewood, CO 80113, USA",ChIJmZ_s3rmBbIcRTYT_zOw1nJ8
Los Dos Amigos Tacos and Tortas,restaurants,"Denver, CO",(720) 751-6688,,http://los-dos-amigos.square.site/,"4811 S Broadway, Englewood, CO 80113, USA",ChIJNdHoUDiBbIcRfnJhAXYpnV8
Full House Sports Bar and Grill,restaurants,"Denver, CO",(720) 485-4494,,https://fullhousebarandgrills.com/,"4272 S Broadway, Englewood, CO 80113, USA",ChIJH-MERmCAbIcRKBZBHsoerNE
Famous Amos Tacos,restaurants,"Denver, CO",(720) 999-2329,,,"5301 S Broadway, Littleton, CO 80120, USA",ChIJwT_XmNaBbIcR2wQJ1o-3ogg
Grateful Plate,restaurants,"Denver, CO",(303) 905-3838,,https://www.gratefulplatedenver.com/about/,"4111 S Natches Ct Ste. A, Englewood, CO 80110, USA",ChIJHwvPPwCBbIcRMhPKANHFfPo
Duffeyroll Bakery Cafe,restaurants,"Denver, CO",(303) 996-5900,,http://duffeyrolls.com/,"5198 S Broadway, Englewood, CO 80113, USA",ChIJv0Lv11WAbIcR3tnRHTiKo_8
Panda dim sum &dumpling house,restaurants,"Denver, CO",(720) 476-6822,,https://pandadimsum.toast.site/order,"4955 S Ulster St Unit 102, Denver, CO 80237, USA",ChIJ2YsGGxyHbIcRAidZ-LLSHaA
Urban Egg,restaurants,"Denver, CO",(720) 482-4070,,http://urbanegg.com/,"6991 E Belleview Ave, Denver, CO 80237, USA",ChIJIw_PDeOGbIcRRTLisCKgbPk
Ambli Global - DTC,restaurants,"Denver, CO",(720) 476-3164,,https://www.amblidenver.com/ambliglobalatbelleviewstation,"6799 E Belleview Ave, Denver, CO 80237, USA",ChIJ0aH3z-OGbIcRzynWFDj0jNk
Pint Brothers,restaurants,"Denver, CO",(303) 740-2518,,https://www.pintbrothersdenver.com/,"4900 S Syracuse St, Denver, CO 80237, USA",ChIJI-VIEP2GbIcR_jgqSOF0Yfw
Bad Daddy's Burger Bar,restaurants,"Denver, CO",(720) 726-7816,,https://www.baddaddysburgerbar.com/locations/bad-daddys-burger-bar-4,"5380 Greenwood Plaza Blvd #106, Greenwood Village, CO 80111, USA",ChIJq6KHc_qGbIcROVFKJ5RcWkw
Saverina,restaurants,"Denver, CO",(855) 546-7866,,https://saverinadenver.com/,"6985 E Chenango Ave, Denver, CO 80237, USA",ChIJ0Y-F5uKGbIcR61YZ6PqjQk4
shondiz mediterranean restaurant,restaurants,"Denver, CO",(720) 541-7742,,https://www.shondiz.com/?utm_source=google&utm_medium=local&utm_campaign=gbp&utm_content=website_button,"8000 E Quincy Ave Unit 1000, Denver, CO 80237, USA",ChIJuX6GDwaHbIcR1jlHTGH28bo
Peckish,restaurants,"Denver, CO",(303) 248-3764,,https://www.peckishco.com/,"4920 S Newport St, Denver, CO 80237, USA",ChIJwUce-faHbIcRVgKI0cL7fQk
Le French DTC Belleview Station,restaurants,"Denver, CO",(720) 710-8963,,http://lefrenchdenver.com/,"4901 S Newport St, Denver, CO 80237, USA",ChIJrc12stWHbIcRn3T2952y5OU
Los Chingones - DTC,restaurants,"Denver, CO",(303) 567-4258,,https://www.loschingonesmexican.com/,"4959 S Newport St, Denver, CO 80237, USA",ChIJ35rlnhaHbIcRtoAqyhZa7y0
La Loma DTC,restaurants,"Denver, CO",(303) 656-2082,,https://www.lalomarestaurants.com/denver-tech-center,"8000 E Belleview Ave G-10, Greenwood Village, CO 80111, USA",ChIJGyyMGQCHbIcRM7uC6HL1a1A
Catira | Venezuelan Kitchen & Cocktails,restaurants,"Denver, CO",(720) 826-3920,,https://holacatira.com/,"5370 Greenwood Plaza Blvd #107, Greenwood Village, CO 80111, USA",ChIJv6b_6quHbIcR5ngfoWJ-aFU
Bryan’s Dumpling House,restaurants,"Denver, CO",(303) 952-9631,,https://bryansdh.com/,"8000 E Belleview Ave Suite B45, Greenwood Village, CO 80111, USA",ChIJa3cZvM6HbIcR7ikePlEUaEg
The Dam Grille,restaurants,"Denver, CO",(303) 779-0805,,http://thedamgrille.com/,"8000 E Quincy Ave #1500, Denver, CO 80237, USA",ChIJkeVs4AWHbIcRi9ioXBw9G_U
Griffin Tavern,restaurants,"Denver, CO",(720) 482-4038,,https://griffintavernco.com/,"5062 S Syracuse St, Denver, CO 80237, USA",ChIJWfvjMPyGbIcR2RqRS-BhyGA
La Fogata - Quincy,restaurants,"Denver, CO",(720) 930-8004,,https://la-fogatadenver.com/,"8090 E Quincy Ave, Denver, CO 80237, USA",ChIJQS1BNAaHbIcRjeFhvvaYFHQ
"Snooze, an A.M. Eatery",restaurants,"Denver, CO",(720) 441-1350,,https://www.snoozeeatery.com/restaurant/colorado/denver-tech-center/?utm_source=Google&utm_medium=BusinessListing,"5073 S Syracuse St, Denver, CO 80237, USA",ChIJq6pmT_yGbIcRAM3DyB5gV6I
El Tule Mexican Cuisine & Bar,restaurants,"Denver, CO",,,,"4862 S Newport St, Denver, CO 80237, USA",ChIJffKMqk-HbIcRCrPO1Udv9iI
FelFel Mediterranean,restaurants,"Denver, CO",(303) 586-5540,,https://www.felfel-usa.com/,"4401 S Tamarac Pkwy, Denver, CO 80237, USA",ChIJ-9O5cHOHbIcRYPNHEzaoavs
Ocean Prime,restaurants,"Denver, CO",(303) 552-3000,,https://www.ocean-prime.com/locations-menus/denver-tech-center,"8000 E Belleview Ave C10, Greenwood Village, CO 80111, USA",ChIJN_94dAGHbIcRPLp1F1Wdkns
DTC Slice,restaurants,"Denver, CO",(303) 997-7268,,https://www.dtcslice.com/,"8000 E Belleview Ave B40, Greenwood Village, CO 80111, USA",ChIJfVrAIQCHbIcRPHqWs_X61KQ
Pizza Republica,restaurants,"Denver, CO",(720) 489-2030,,https://pizzarepublica.com/our-locations/?utm_source=GMB&utm_medium=Organic,"5375 Landmark Pl, Greenwood Village, CO 80111, USA",ChIJjbUUYIyHbIcR6ZPL1lnZE3o
The Original Pancake House - DTC,restaurants,"Denver, CO",(303) 224-0093,,https://www.ophdenver.com/,"8000 E Belleview Ave F-10, Greenwood Village, CO 80111, USA",ChIJ2fCJTPmGbIcRpBg3b0Dazq8
Slattery's Pub & Grill,restaurants,"Denver, CO",(303) 741-2115,,http://slatterys-pubandgrill.com/,"5364 Greenwood Plaza Blvd, Greenwood Village, CO 80111, USA",ChIJkzKnifqGbIcRf2rJhZpQpHc
JING Denver,restaurants,"Denver, CO",(303) 779-6888,,http://www.jingrestaurant.com/,"5370 Greenwood Plaza Blvd, Greenwood Village, CO 80111, USA",ChIJv7tvZPqGbIcRIWwNaQ_FbTk
Shanahan's Steakhouse,restaurants,"Denver, CO",(303) 770-7300,,http://www.shanahanssteakhouse.com/,"5085 S Syracuse St, Denver, CO 80237, USA",ChIJ1zzAXfyGbIcRBtKu5izf18w
Darcy's Bistro & Pub,restaurants,"Denver, CO",(303) 770-0477,,https://www.coloradopubco.com/our-working-concepts/,"4955 S Ulster St Ste 103, Denver, CO 80237, USA",ChIJlcOLU_6GbIcRUg8RCS0CBGU
Pappadeaux Seafood Kitchen,restaurants,"Denver, CO",(303) 740-9449,,https://pappadeaux.com/,"7520 E Progress Pl, Greenwood Village, CO 80111, USA",ChIJQbmWDfuGbIcRaUHT3m5hkL4
Root25 Taphouse & Kitchen,restaurants,"Denver, CO",(303) 779-1234,,http://techcenter.hyatt.com/en/hotel/dining/root-twentyfive-taphouse-kitchen.html,"7800 E Tufts Ave, Denver, CO 80237, USA",ChIJ-3wbJgKHbIcRLVVxKTvJnjw
Enso Sushi & Grill,restaurants,"Denver, CO",(303) 955-0868,,https://www.ensosushigrill.com/?utm_source=gmb&utm_medium=website,"8000 E Belleview Ave D50, Greenwood Village, CO 80111, USA",ChIJy08rT4OHbIcRkZYXu42cz_c
Pokeworks,restaurants,"Denver, CO",(720) 524-8554,,http://www.pokeworks.com/,"8000 E Belleview Ave D55, Greenwood Village, CO 80111, USA",ChIJAzUKsSqHbIcR2dRBYwR8MjY
South Garden,restaurants,"Denver, CO",(303) 770-1818,,https://www.smorefood.com/order-online/south-garden-restaurant-denver-80237-l1ypw017?utm_source=gmb&utm_medium=website,"8000 E Quincy Ave Unit 2400, Denver, CO 80237, USA",ChIJkeVs4AWHbIcR8u_kdbB75pQ
Tap & Burger Belleview Station,restaurants,"Denver, CO",(720) 583-1367,,https://www.tapandburger.com/,"4910 S Newport St, Denver, CO 80237, USA",ChIJMxG526KHbIcRH8Qv62Ug5I0
Lucy Restaurant,restaurants,"Denver, CO",(720) 274-6868,,https://www.lucyrestaurant.com/,"5345 Landmark Pl, Greenwood Village, CO 80111, USA",ChIJjfhShvqGbIcRO98Wx5p8y0g
Ted's Montana Grill,restaurants,"Denver, CO",(303) 771-3038,,https://www.tedsmontanagrill.com/tmg049.html,"5370 Greenwood Plaza Blvd, Greenwood Village, CO 80111, USA",ChIJJcjAZfqGbIcRuZ0O7FMHiNs
Yanni's Greek Restaurant,restaurants,"Denver, CO",(303) 692-0404,,http://www.yannisdenver.com/,"5425 Landmark Pl #D109, Greenwood Village, CO 80111, USA",ChIJG3n7fvCGbIcRk4Ie2cpTzMI
Flippin Birdz,restaurants,"Denver, CO",(623) 258-3965,,https://www.flippinbirdz.com/,"Denver, CO 80237, USA",ChIJKw2sWACHbIcRft33BuE5Vnw
Ocho's Mexican Cocina,restaurants,"Denver, CO",(303) 993-6656,,https://www.ochosmexcocina.com/,"8080 E Union Ave Suite 120, Denver, CO 80237, USA",ChIJOZzNRp-HbIcRw8OuMTMJMxQ
Tuk Tuk Thai Grill DTC,restaurants,"Denver, CO",(720) 200-4041,,http://www.tuktukrocks.com/,"8000 E Quincy Ave, Denver, CO 80237, USA",ChIJkeVs4AWHbIcRCfPrdEOx7Jw
Hapa Sushi Grill and Sake Bar,restaurants,"Denver, CO",(303) 267-8744,,http://hapasushi.com/,"5380 Greenwood Plaza Blvd #101, Greenwood Village, CO 80111, USA",ChIJ5yHUc_qGbIcR8tPhhiXeNl4
Yampa Sandwich Co.,restaurants,"Denver, CO",(303) 927-6248,,http://yampasandwichco.com/,"4919 S Newport St, Denver, CO 80237, USA",ChIJzRnwnhaHbIcR7xGRMNp7ZlI
Eddie V's Prime Seafood,restaurants,"Denver, CO",(720) 826-7488,,https://www.eddiev.com/locations/co/greenwood-village/greenwood-village/8520?cmpid=br:ev_ag:ie_ch:loc_ca:EVGMB_sn:gmb_gt:greenwood-village-co-8520_pl:locurl_rd:1019,"5111 DTC Pkwy, Greenwood Village, CO 80111, USA",ChIJ9_hybd2HbIcRrE-tIT7BWs4
Thai Arun Cafe,restaurants,"Denver, CO",(303) 862-6826,,https://thaiarun.diningtek.online/,"4955 S Ulster St Suite 106, Denver, CO 80237, USA",ChIJT4KGsdWHbIcRq4f9DySPdVg
Ruth's Chris Steak House,restaurants,"Denver, CO",(303) 854-9304,,https://www.ruthschris.com/locations/co/denver-tech/denver-tech/7362?cmpid=br:rc_ag:ie_ch:loc_ca:RCGMB_sn:gmb_gt:denver-co-7362_pl:locurl_rd:1062,"7001 E Belleview Ave #100, Denver, CO 80237, USA",ChIJ9xoiN-OGbIcR044q8nFynYY
"Cheba Hut ""Toasted"" Subs",restaurants,"Denver, CO",(303) 856-9789,,https://chebahut.com/locations/denver-dtc/,"7795 E Belleview Ave ste 1, Greenwood Village, CO 80111, USA",ChIJEWofVwCHbIcR7i05OKXFSQg
ROSA FRIDA Mexican Food and Refreshments,restaurants,"Denver, CO",(720) 448-4028,,,"6750 E Chenango Ave, Denver, CO 80237, USA",ChIJG0WkWSSHbIcR6yFVsOOnKW4
Pull and Press,restaurants,"Denver, CO",(303) 219-0820,,http://pullandpressco.com/,"5295 DTC Pkwy Suite 103, Greenwood Village, CO 80111, USA",ChIJDU9LOxOHbIcRBxGisZIHaZk
Teriyaki Madness,restaurants,"Denver, CO",(720) 519-0107,,https://teriyakimadness.com/locations/co-denver-tech-center/,"8080 E Union Ave Ste 130, Denver, CO 80237, USA",ChIJxc0NewWHbIcR_6N2WbkwvY4
Crisp and Green,restaurants,"Denver, CO",(303) 955-5450,,https://crispandgreen.com/?olonwp=JjBtp_vMLk25gkYh_bnoiQ,"6821 E Chenango Ave, Denver, CO 80237, USA",ChIJp-UDVlSHbIcR7iP6yNU2FJs
Oliver's Italian,restaurants,"Denver, CO",(303) 862-8507,,https://www.oliversitalian.com/,"4950 S Yosemite St F3, Greenwood Village, CO 80111, USA",ChIJD1JFemGHbIcRcSakhSstHSc
Morning Story - DTC,restaurants,"Denver, CO",(720) 596-4692,,http://www.morningstoryrestaurant.com/,"4930 S Yosemite St Suite D1C, Greenwood Village, CO 80111, USA",ChIJs0NIoBGHbIcRFzgdwczXxuM
Byblos Greenwood Village,restaurants,"Denver, CO",(303) 953-0145,,https://www.byblos-cafe.com/,"4940 S Yosemite St Unit E4, Greenwood Village, CO 80111, USA",ChIJQVQ_EVKHbIcRfw3VZ5Xy8Tc
Dumpling Factory,restaurants,"Denver, CO",(720) 420-9461,,https://pos.chowbus.com/online-ordering/store/Dumpling-Factory/23650,"4660 S Yosemite St, Greenwood Village, CO 80111, USA",ChIJX6E3P1yHbIcRB9S2RDOW_7g
The French Press,restaurants,"Denver, CO",(303) 770-2244,,http://www.myfrenchpress.com/,"4668 S Yosemite St, Greenwood Village, CO 80111, USA",ChIJf3La7ayHbIcRtjKLRpWCZ_Q
YaYas Euro Bistro in Denver,restaurants,"Denver, CO",(303) 741-1110,,http://www.yayaseurobistrodenver.com/,"8310 E Belleview Ave, Greenwood Village, CO 80111, USA",ChIJZ5TTFlaGbIcRJnqWEBUoQC4
Bonefish Grill,restaurants,"Denver, CO",(303) 741-3474,,https://locations.bonefishgrill.com/colorado/greenwood/4948-s.-yosemite-street?y_source=1_MTU1MDI3ODctNzE1LWxvY2F0aW9uLndlYnNpdGU%3D,"4948 S Yosemite St, Greenwood Village, CO 80111, USA",ChIJiaT_XlGGbIcRuzosIcVhhDk
Burnt End BBQ in Denver,restaurants,"Denver, CO",(720) 638-1153,,https://www.burntenddenver.com/,"5332 DTC Blvd #100, Greenwood Village, CO 80111, USA",ChIJVdVjS1iGbIcRWx8FwQLxkms
Asuka Ramen&Poke（Greenwood Village),restaurants,"Denver, CO",(303) 779-3668,,https://www.ezordernow.com/greenwood-village-asian-asuka-ramen-poke-802081,"5131 S Yosemite St, Greenwood Village, CO 80111, USA",ChIJnwCMa4iHbIcRAYkriVQjA8Q
Chianti Ristorante Italiano,restaurants,"Denver, CO",(303) 796-0611,,https://chianti-ristorante.com/,"5121 S Yosemite St, Greenwood Village, CO 80111, USA",ChIJIVYkO1GGbIcRLJ7L6pFwDGc
The Delectable Egg,restaurants,"Denver, CO",(303) 694-0036,,https://www.delectableegg.com/,"5312 DTC Blvd #100, Greenwood Village, CO 80111, USA",ChIJnX95M1iGbIcRHA1ABskMRsM
Cuba Cuba DTC,restaurants,"Denver, CO",(303) 741-4634,,http://cubacubarestaurants.com/,"5322 DTC Blvd, Greenwood Village, CO 80111, USA",ChIJu_ixMFiGbIcR84RyHfkCbNc
Illegal Pete's - DTC,restaurants,"Denver, CO",(303) 771-2277,,https://www.illegalpetes.com/,"5312 DTC Blvd #400, Greenwood Village, CO 80111, USA",ChIJnX95M1iGbIcR1hpaVWhFHeE
Taqueria El Comalito,restaurants,"Denver, CO",(303) 770-5957,,https://www.taqueriaelcomalito.com/,"4690 S Yosemite St UNIT A, Greenwood Village, CO 80111, USA",ChIJRTmRwWCHbIcRi-P16FV8VXM
Smashburger,restaurants,"Denver, CO",(303) 872-4133,,https://smashburger.com/locations/us/co/greenwood-village/5302-dtc-blvd?utm_medium=organic&utm_source=local&utm_campaign=googlelistings&utm_content=website&utm_term=1753,"5302 DTC Blvd #500, Greenwood Village, CO 80111, USA",ChIJoRMb9kKHbIcRekUhcok5lAk
Shanghai Kitchen,restaurants,"Denver, CO",(303) 290-6666,,http://www.shanghaikitchendenver.com/,"4940 S Yosemite St E8, Greenwood Village, CO 80111, USA",ChIJjRBu61OGbIcR7zH6J4HObrE
MAD Greens - Denver Tech Center,restaurants,"Denver, CO",(720) 259-4441,,http://www.madgreens.com/,"4948 S Yosemite St Unit B, Greenwood Village, CO 80111, USA",ChIJI9FhY1GGbIcRxDHQstQIU4o
Jose’s Street Tacos,restaurants,"Denver, CO",(720) 246-1471,,,"3505 S Kipling St, Lakewood, CO 80235, USA",ChIJm9RViQSBa4cRcF4lTN61IOY
Golden Plate II,restaurants,"Denver, CO",(303) 763-9028,,http://www.goldenplate2.com/,"9880 W Girton Dr, Denver, CO 80227, USA",ChIJY-5Ny-6Ba4cR0cqdb_FPvkc
Merced Cafe & Bar,restaurants,"Denver, CO",(720) 916-9382,,http://mercedcafeandbar-lakewood.com/,"9890 W Girton Dr Suite A, Lakewood, CO 80227, USA",ChIJn9YGdgCBa4cRGxwIx5cqQAw
Meena's Restaurant & Catering,restaurants,"Denver, CO",(303) 993-5262,,https://meenasorderonline.com/,"9886 W Girton Dr # B, Lakewood, CO 80227, USA",ChIJS4Cok9yBa4cRRHmJCn4CS0o
The Burger Den,restaurants,"Denver, CO",(303) 988-2762,,https://www.theburgerden.com/?utm_source=G&utm_medium=organic&utm_campaign=DAC,"3580 S Wadsworth Blvd, Lakewood, CO 80235, USA",ChIJQyJw8KGBa4cR50rhXx2OqLY
The Rusty Bucket Bar and Grill,restaurants,"Denver, CO",(303) 980-6200,,http://the-rusty-bucket.com/,"3355 S Wadsworth Blvd, Lakewood, CO 80227, USA",ChIJGb_EeM2Ba4cRuTAAhGzoe9o
The Yabby Hut,restaurants,"Denver, CO",(303) 985-0231,,https://www.yabbyhut.com/,"3355 S Yarrow St E-131, Lakewood, CO 80227, USA",ChIJy-pl9c2Ba4cRGoVbgnTVT9o
Foothills Restaurant & Event Venue,restaurants,"Denver, CO",(303) 728-2521,,https://www.foothillsrestaurant.co/foothills-home,"3901 S Carr St, Denver, CO 80235, USA",ChIJxxEkvU-Ba4cRUaYyJzkiHpw
Denny's Restaurant,restaurants,"Denver, CO",(303) 988-2762,,https://locations.dennys.com/CO/LAKEWOOD/248716?utm_source=G&utm_medium=organic&utm_campaign=DAC,"3580 S Wadsworth Blvd, Lakewood, CO 80235, USA",ChIJkVT9X9OBa4cRBGm7lnkCrnI
El Tapatio Mexican Restaurant,restaurants,"Denver, CO",(303) 984-4423,,https://www.eltapatiomexicanrestaurants.biz/,"3601 S Wadsworth Blvd, Denver, CO 80235, USA",ChIJlaIafNSBa4cRQ24Pwg6EEEY
Eeny Meeny Sushi Roll,restaurants,"Denver, CO",(303) 988-0870,,https://www.eenymeenysushiroll.com/,"3650 S Wadsworth Blvd, Lakewood, CO 80235, USA",ChIJ6QL4ldSBa4cRFIv-Q0vwJ_k
Cirque Kitchen and Spirits,restaurants,"Denver, CO",(920) 634-9195,,http://www.cirquekitchen.com/,"3497 South Wadsworth Boulevard, Lakewood, CO 80227, USA",ChIJJ1UF6xx5bIcRpp2kp9YuFYY
Peking-Tokyo Restaurant,restaurants,"Denver, CO",(303) 985-3040,,https://www.pekingtokyoexpresslakewood.com/,"3355 S Wadsworth Blvd, Lakewood, CO 80227, USA",ChIJ9cWOfNKBa4cRNjoICVq96QY
Innsider Bar & Grill,restaurants,"Denver, CO",(303) 980-9200,,https://www.ihg.com/holidayinn/hotels/us/en/lakewood/denlw/hoteldetail/dining?cm_mmc=GoogleMaps-Dining,"7390 W Hampden Ave, Lakewood, CO 80227, USA",ChIJAT-ftSyAa4cR49xTOg8ifp0
Old Chicago Pizza + Taproom,restaurants,"Denver, CO",(303) 988-3414,,https://oldchicago.com/locations/us/co/lakewood/3550-so-wadsworth-blvd/,"3550 S Wadsworth Blvd, Lakewood, CO 80235, USA",ChIJC49YXdOBa4cRxlHZLFaUhlE
Red Robin Gourmet Burgers and Brews,restaurants,"Denver, CO",(303) 989-8448,,http://www.redrobin.com/locations/co/lakewood/lakewood-203,"3244 S Wadsworth Blvd, Lakewood, CO 80227, USA",ChIJQ4gzcc2Ba4cRzFkE2s9uVvk
Bangkok Thai Food 2,restaurants,"Denver, CO",(720) 964-1029,,https://www.bangkokthaifood2lakewood.com/,"3333 S Wadsworth Blvd #A101, Lakewood, CO 80227, USA",ChIJqew2ipKBa4cROHUVmrqM3pY
Sabor Express Mexican Grill,restaurants,"Denver, CO",(720) 218-9730,,,"5600 W Dartmouth Ave #107, Denver, CO 80227, USA",ChIJJ0tePgGBa4cRnWX_wJKt_1k
Doghouse Tavern,restaurants,"Denver, CO",(303) 936-1376,,http://www.doghouse-tavern.com/,"3100 S Sheridan Blvd, Denver, CO 80227, USA",ChIJUwi2ThmAa4cR8LB2a1mou9o
Jade Cafe,restaurants,"Denver, CO",(303) 985-3180,,http://www.jade.cafe/,"5600 W Dartmouth Ave #101, Denver, CO 80227, USA",ChIJN8AieiKAa4cR3Wfgpoenzn8
La keka,restaurants,"Denver, CO",(775) 240-0305,,,"Unnamed Road, Denver, CO 80227, USA",ChIJE7BMnGWBa4cRP--EGrpWucM
Pho 8 Vietnamese & Chinese Restaurant,restaurants,"Denver, CO",(303) 934-8802,,https://www.skiplinow.com/shop/873448k,"3100 S Sheridan Blvd Unit H, Denver, CO 80227, USA",ChIJyf7zFIOBa4cRh8IXUGvbJYI
Monaghan's Bar and Grill,restaurants,"Denver, CO",(303) 789-7208,,https://m.facebook.com/Monaghans-Bar-and-Grill-563095003748497/,"3889 S King St, Denver, CO 80236, USA",ChIJjwQ64f1_a4cRB0X0E8-B0ic
Mountain Crust Catering - Denver,restaurants,"Denver, CO",(720) 515-0917,,http://www.mountaincrust.com/?utm_source=gbp&utm_campaign=Denver,"3880 S Lowell Blvd unit b, Denver, CO 80236, USA",ChIJxVwcneZ9bIcRRT_y5EPr-SA
Home Cafe,restaurants,"Denver, CO",,,,"2640 W Hampden Ave, Englewood, CO 80110, USA",ChIJm3tTIQiAbIcRv8MMPv4Dc-M
El Camaron Loco,restaurants,"Denver, CO",(720) 541-1855,,,"3960 S Federal Blvd, Sheridan, CO 80110, USA",ChIJBV679K-BbIcRNBiz7aahTyQ
Shifterz Bar & Grill,restaurants,"Denver, CO",(720) 750-5795,,https://shifterzbarandgrill.com/,"2490 W Hampden Ave, Sheridan, CO 80110, USA",ChIJD7s7UzGBbIcRxrVKOyotzUI
OSO Estilo chihuahua,restaurants,"Denver, CO",(720) 765-5712,,https://elrincondelsaborco.com/,"3700 W Quincy Ave, Denver, CO 80236, USA",ChIJ2dGT-zV_a4cRZsXbZF-ri4Y
Borderless Food Truck,restaurants,"Denver, CO",(720) 481-4810,,http://www.borderlessfoodtruck.com/,"2490 W Hampden Ave, Englewood, CO 80110, USA",ChIJNSkbQtZ5bIcR_YmcxjGRoFA
Pupuseria San Salvador,restaurants,"Denver, CO",(720) 327-8146,,,"4385 S Federal Blvd, Englewood, CO 80110, USA",ChIJX686WRmAbIcRltUOWifVKq4
HipPOPs handcrafted gelato bars,restaurants,"Denver, CO",(720) 202-3755,,http://www.hippops.com/,"3119 W Hampden Ave, Sheridan, CO 80110, USA",ChIJy-txKaV_bIcRRwKq-csoc4Y
Antojitos abby,restaurants,"Denver, CO",(720) 697-4643,,,"3431 S Federal Blvd Ste A, Englewood, CO 80110, USA",ChIJPXks-it_bIcRTVcOMxQNL-U
1.35 N UP A Scoop Chinese Restaurant,restaurants,"Denver, CO",(303) 781-7328,,https://www.135scoop.com/,"3494 S Federal Blvd, Englewood, CO 80110, USA",ChIJ4XEe6_1_bIcRJe5Zd9H1zI4
Taqueria y menuderia El Oso,restaurants,"Denver, CO",(720) 917-4638,,,"2504 W Hampden Ave, Sheridan, CO 80110, USA",ChIJG1-EUvuBbIcR1OhdrLHcKdI
Chili's Grill & Bar,restaurants,"Denver, CO",(303) 781-7770,,https://www.chilis.com/locations/us/colorado/sheridan/sheridan-town-center?utm_source=google&utm_medium=local&utm_campaign=Chilis,"3860 River Point Pkwy, Sheridan, CO 80110, USA",ChIJNTXiGXOAbIcRpQQxvGafrJY
Parry's Pizzeria & Taphouse,restaurants,"Denver, CO",(720) 617-8484,,https://parryspizza.com/locations/sheridan/,"3840 River Point Pkwy, Sheridan, CO 80110, USA",ChIJYdyZKJmBbIcRNfKjMcmMLt0
Reel Cajun Seafood Restaurant,restaurants,"Denver, CO",(303) 955-4526,,https://reelcajunseafood.co/,"3820 River Point Pkwy Suite 104, Sheridan, CO 80110, USA",ChIJfSRR81qBbIcRJhK_eUMegtQ
The South Restaurant,restaurants,"Denver, CO",(303) 789-9833,,https://thesouthrestaurant.com/,"3535 S Huron St, Englewood, CO 80110, USA",ChIJwQqI4HmAbIcR2nyl6IqZVpo
Teriyaki Madness,restaurants,"Denver, CO",(720) 986-8623,,https://teriyakimadness.com/locations/co-sheridan/,"3960 River Point Pkwy C, Sheridan, CO 80110, USA",ChIJLYv4MWeBbIcRcNNwfVoCPHw
Bout Time Pub & Grub,restaurants,"Denver, CO",(303) 761-1700,,http://bouttimepubco.com/,"3580 S Platte River Dr A, Sheridan, CO 80110, USA",ChIJJc5YpHWAbIcR3X9qj2pQqJ0
The Barn South Broadway,restaurants,"Denver, CO",(303) 242-4587,,https://www.thebarnsobo.com/,"3299 S Broadway, Englewood, CO 80113, USA",ChIJF3x8s2eBbIcRjj1aBBlNA2k
Penn Street Kitchen,restaurants,"Denver, CO",(720) 600-6860,,https://www.pennstreetkitchen.com/,"500 E Hampden Ave Suite #100, Englewood, CO 80113, USA",ChIJXbhjK-eBbIcRFPW61DWpatg
Wapos Cantina Englewood,restaurants,"Denver, CO",(720) 756-1674,,https://waposcantina.com/,"3495 S Broadway, Englewood, CO 80113, USA",ChIJ1Q5FgLCBbIcRwErX6xRkhfo
fellow traveler,restaurants,"Denver, CO",(303) 635-6621,,http://www.ftbar.com/,"3487 S Broadway, Englewood, CO 80113, USA",ChIJNyXP3YKBbIcRenxp2CTQzn8
Breakfast Queen,restaurants,"Denver, CO",(303) 761-9800,,http://thebreakfastqueen.com/,"3460 S Broadway, Englewood, CO 80113, USA",ChIJu-XeQH6AbIcRdw0YnMV0juk
The Meltdown,restaurants,"Denver, CO",(720) 994-5882,,https://themeltdown.com/?utm_source=G&utm_medium=organic&utm_campaign=DAC,"275 W Hampden Ave, Englewood, CO 80110, USA",ChIJ79n4R5aBbIcROga4AwLV3w4
Cafe 180,restaurants,"Denver, CO",(720) 289-0799,,http://cafe180.org/,"3315 S Broadway, Englewood, CO 80113, USA",ChIJwRJson-AbIcRja26ATZLWO0
Sukiya Ramen,restaurants,"Denver, CO",(720) 520-1571,,http://sukiyaramen.com/,"3401 S Broadway Unit 120, Englewood, CO 80113, USA",ChIJZXV31oqBbIcR_GwsHX28UH0
ZOMO,restaurants,"Denver, CO",(720) 739-8882,,http://zomoeats.com/,"3457 S Broadway, Englewood, CO 80113, USA",ChIJxxOdtAOBbIcRj0Kx2Lg6SwE
The Crab House,restaurants,"Denver, CO",(720) 328-9688,,https://thecrabhouseco.com/,"3299 S Broadway B, Englewood, CO 80113, USA",ChIJNXHERHyBbIcR-lem4SbEqqg
Chula on Broadway Cocina Mexicana,restaurants,"Denver, CO",(303) 993-7486,,https://chulaonbroadway.com/?utm_source=google,"3866 S Broadway, Englewood, CO 80113, USA",ChIJ3671w2KAbIcRouPho9AFxJ4
Gallo Italian Supper Club and Bakery,restaurants,"Denver, CO",(303) 353-9917,,https://gallosupperclub.com/,"3470 S Broadway, Englewood, CO 80113, USA",ChIJOej0QX6AbIcR13gM7ssoBLw
V Revolution,restaurants,"Denver, CO",(303) 781-2296,,https://vrevolutionusa.com/,"3570 S Logan St, Englewood, CO 80113, USA",ChIJhcAEliiBbIcR8aygPw5huME
Steakhouse 10,restaurants,"Denver, CO",(303) 789-0911,,https://thesteakhouse10.com/,"3517 S Elati St, Englewood, CO 80110, USA",ChIJg1VxbXmAbIcRR5iO-1nOtLw
Brewability,restaurants,"Denver, CO",(720) 484-5341,,https://www.brew-ability.com/,"3445 S Broadway, Englewood, CO 80113, USA",ChIJYVJ6jbRkbIcRtFN_cfZ6aPo
One Barrel American Bistro & Wine Bar,restaurants,"Denver, CO",(720) 667-4781,,https://theonebarrel.com/,"3401 S Broadway # 110, Englewood, CO 80113, USA",ChIJD1rR8EWBbIcRcIUSagghuCk
Denny's Restaurant,restaurants,"Denver, CO",(720) 806-0988,,https://locations.dennys.com/CO/ENGLEWOOD/249664?utm_source=G&utm_medium=organic&utm_campaign=DAC,"275 W Hampden Ave, Englewood, CO 80110, USA",ChIJibjMyX6AbIcRKM8JqHejuu8
Rico's Pizzeria & Italian Kitchen,restaurants,"Denver, CO",(303) 781-0541,,http://broadway.ricos-pizzeria.com/,"3500 S Broadway, Englewood, CO 80113, USA",ChIJtdyNcn6AbIcRZSyqQIRznTY
Aki Japanese Cuisine,restaurants,"Denver, CO",(303) 781-2922,,https://akisushico.com/,"3484 S Broadway, Englewood, CO 80113, USA",ChIJAQAUa36AbIcRwtBusLBS4vw
Damascus Grill & Cafe,restaurants,"Denver, CO",,,,"Englewood, CO 80113, USA",ChIJgU3z0YCAbIcRc8h8KMXbU_Q
Noodles and Company,restaurants,"Denver, CO",(303) 781-0225,,https://locations.noodles.com/co/englewood/697-w-hampden-ave?utm_campaign=soci&utm_medium=organic&utm_source=google,"697 W Hampden Ave, Englewood, CO 80110, USA",ChIJ7Tg1tnmAbIcRfzV_YoJYX_g
Tokyo Joe's - Englewood,restaurants,"Denver, CO",(303) 806-0112,,http://tokyojoes.com/,"901 W Hampden Ave, Englewood, CO 80110, USA",ChIJ7UUPoXeAbIcRPmfpvsBDECA
Moe's Original BBQ and Bowling,restaurants,"Denver, CO",(303) 781-0414,,https://moesdenver.com/?utm_source=google,"3295 S Broadway, Englewood, CO 80113, USA",ChIJj1Hmun-AbIcRVfbSj-S9o0o
Beirut Grill & Sushi Restaurant,restaurants,"Denver, CO",(303) 781-0808,,http://www.beirutdenver.com/,"203 W Hampden Ave, Englewood, CO 80110, USA",ChIJSz0OyxSBbIcREUZN3Uy9DAs
Felt,restaurants,"Denver, CO",(720) 266-6190,,http://www.feltbar.com/,"101 W Floyd Ave, Englewood, CO 80110, USA",ChIJBRpGcH-AbIcRYZkE9Sf_TTE
Spicy Basil,restaurants,"Denver, CO",(303) 761-7888,,http://spicybasilenglewood.com/,"3299 S Broadway, Englewood, CO 80113, USA",ChIJXbs9m3-AbIcRGS1sJuM-Rc4
Los Compitas,restaurants,"Denver, CO",(720) 236-4038,,https://loscompitasco.com/,"400 Englewood Pkwy, Englewood, CO 80110, USA",ChIJwz4PiNuBbIcR7ugjViZrxAI
Pizzability,restaurants,"Denver, CO",(303) 598-0809,,https://www.brew-ability.com/,"3445 S Broadway, Englewood, CO 80113, USA",ChIJDezJm9p_bIcRfknIgNPhytg
Texas Roadhouse,restaurants,"Denver, CO",(303) 761-7427,,https://www.texasroadhouse.com/locations/colorado/sheridan?utm_source=listing&utm_medium=search,"3696 S Natches Ct, Sheridan, CO 80110, USA",ChIJ-16TF3SAbIcRtP4tN1TD4Xs
Aloy Thai Eatery -Cherry Hills Village,restaurants,"Denver, CO",(720) 639-4840,,https://www.aloythai.com/,"1400 E Hampden Ave Suite 100, Englewood, CO 80113, USA",ChIJpX5tbEWBbIcRbrYWJaFhekc
Undici Ristorante,restaurants,"Denver, CO",(303) 761-2828,,https://www.undicidenver.com/,"1200 E Hampden Ave, Englewood, CO 80113, USA",ChIJz-78SZuAbIcRTi0u9y3YyQI
Pino's Place,restaurants,"Denver, CO",(303) 761-9917,,http://pinosplacepizzeria.com/,"1400 E Hampden Ave Suite 140, Cherry Hills Village, CO 80113, USA",ChIJcWAIp5uAbIcR_YpnY6Ls-b4
Pesto Italiano,restaurants,"Denver, CO",(720) 923-7960,,http://pestoitaliano.com/,"3999 S Broadway, Englewood, CO 80113, USA",ChIJk7QfqW2BbIcR16t8SiIS-fI
Work & Class,restaurants,"Denver, CO",(720) 535-7217,,https://www.workandclassdenver.com/,"900 E Hampden Ave, Englewood, CO 80113, USA",ChIJywO8r1WBbIcRoGID4eW32Sw
Bosphorus,restaurants,"Denver, CO",(303) 942-1267,,,"3493 S Downing St, Englewood, CO 80113, USA",ChIJe7OHC--BbIcR1OHPmQEJsus
Aung's Bangkok Cafe,restaurants,"Denver, CO",(303) 806-9354,,http://aungsbangkokcafe.com/,"1225 E Hampden Ave, Englewood, CO 80113, USA",ChIJv3XJR5uAbIcRsc2x1txb34I
Cherry Hills Sushi Co.,restaurants,"Denver, CO",(303) 761-1559,,https://cosushico.com/,"1400 E Hampden Ave #110, Cherry Hills Village, CO 80113, USA",ChIJiwxXppuAbIcRsE3rpjK3DNg
Cochino Taco,restaurants,"Denver, CO",(720) 573-6174,,https://www.cochinotaco.com/englewood,"3495 S Downing St, Englewood, CO 80113, USA",ChIJL8DDTJuAbIcR4kU4_0OtEsM
Osteria Alberico,restaurants,"Denver, CO",(303) 970-8840,,https://www.osteriaalberico.com/,"3455 S University Blvd, Englewood, CO 80113, USA",ChIJEWGg8AeBbIcRIxHpsp2a-eQ
Modern Market Eatery - Cherry Hills,restaurants,"Denver, CO",(720) 358-2062,,https://modernmarket.com/,"3475 S University Blvd Suite A, Englewood, CO 80113, USA",ChIJ24ZOUqKAbIcRxWweSgMaWZ4
Birdcall,restaurants,"Denver, CO",(720) 799-8911,,http://eatbirdcall.com/,"4996 E Hampden Ave, Denver, CO 80222, USA",ChIJ6eROdv6HbIcR4cWOvNkDsyc
Duffeyroll Bakery Cafe,restaurants,"Denver, CO",(303) 753-9177,,http://www.duffeyrolls.com/,"4994 E Hampden Ave, Denver, CO 80222, USA",ChIJF0SJr0-HbIcR5SMLmSLOpWo
TIKI BAR,restaurants,"Denver, CO",(720) 951-3573,,https://tiki-bar.my.canva.site/,"3415 S Monaco St Pkwy, Denver, CO 80222, USA",ChIJua8IrmmHbIcRSqdNqGC28H8
AHUMADOS EL ROLO,restaurants,"Denver, CO",(505) 738-9518,,https://ahumadoselroloco.com/,"3415 S Monaco St Pkwy, Denver, CO 80222, USA",ChIJL7nzHACHbIcRBY93nVkW-js
The Bagel Deli & Restaurant,restaurants,"Denver, CO",(303) 756-6667,,https://www.bageldeli.com/,"6439 E Hampden Ave, Denver, CO 80222, USA",ChIJA87ptWmHbIcROsWWBPbl9cw
Noodles and Company,restaurants,"Denver, CO",(303) 759-3817,,https://locations.noodles.com/co/denver/6300-east-hampden?utm_campaign=soci&utm_medium=organic&utm_source=google,"6300 E Hampden Ave, Denver, CO 80222, USA",ChIJ_XTubEKHbIcRo8hq9iKrPB4
Tai Tai Japanese,restaurants,"Denver, CO",(720) 287-4321,,http://taitaijapanese.com/,"5078 E Hampden Ave, Denver, CO 80222, USA",ChIJaSmavjaHbIcRv3f5rkgEOaU
Taziki's Mediterranean Cafe - Hampden,restaurants,"Denver, CO",(720) 310-1970,,https://www.tazikis.com/location/hampden/,"6345 E Hampden Ave #101, Denver, CO 80222, USA",ChIJ8Sz1c0KHbIcRYRksqjLQ9B4
Mian Fresh Noodle Bar,restaurants,"Denver, CO",(720) 726-7841,,https://mian.smartonlineorder.com/,"7350 E Hampden Ave B2, Denver, CO 80231, USA",ChIJsZBFaVyHbIcR_-iduArcy8s
Mika sushi 5,restaurants,"Denver, CO",(720) 389-7631,,http://mikasushi5.com/,"7400 E Hampden Ave C6, Denver, CO 80231, USA",ChIJnXDDPkqHbIcRvw1nul1cezo
New York Deli News,restaurants,"Denver, CO",(303) 759-4741,,https://nydelinews.com/,"7105 E Hampden Ave, Denver, CO 80224, USA",ChIJVbugfm6HbIcRQJ7P_Hf7dhc
Benihana - Denver,restaurants,"Denver, CO",(303) 750-0200,,https://www.benihana.com/locations/denver/?utm_source=google&utm_medium=organic&utm_campaign=gbp,"3295 S Tamarac Dr, Denver, CO 80231, USA",ChIJAwmjf3CHbIcR-PU5UM7STVc
The Hound,restaurants,"Denver, CO",(303) 694-0454,,http://thehoundpub.com/,"3575 S Yosemite St, Denver, CO 80237, USA",ChIJRV67naKHbIcRNaCuzpdeiyY
Zane's Italian Bistro,restaurants,"Denver, CO",(303) 770-3100,,http://www.zanesbistro.com/,"3535 S Yosemite St, Denver, CO 80237, USA",ChIJETo3FP-GbIcRrnxHyHgkxX4
Taco Star,restaurants,"Denver, CO",(720) 716-4840,,https://tacostarhampden.com/,"8950 E Hampden Ave, Denver, CO 80231, USA",ChIJhbZ9MgCHbIcRi2aXgPxB8tg
"INDIA'S Restaurant, Denver",restaurants,"Denver, CO",(303) 755-4284,,https://indiasrestaurant.com/?utm_source=google,"8921 E Hampden Ave, Denver, CO 80231, USA",ChIJXW6jf3CHbIcRWQ4_JUkI8Pg
DIJLAH RESTAURANT,restaurants,"Denver, CO",(983) 204-4743,,,"10021 E Hampden Ave, Denver, CO 80231, USA",ChIJt5W3M_aHbIcRRL2kQ_tNlAs
La Reyna Azteca,restaurants,"Denver, CO",(720) 669-3730,,https://lareynaaztecaofficial.com/hampden/,"9865 E Hampden Ave, Denver, CO 80231, USA",ChIJ76YcATeHbIcR571uhtZVVm8
Sweet Encanto,restaurants,"Denver, CO",(720) 642-4495,,https://sweetencantoco.com/,"10101 E Hampden Ave #103, Denver, CO 80231, USA",ChIJn1iERLeHbIcR6TC8qtazo_A
"Phở Bờm, Vietnamese Noodle & Grill",restaurants,"Denver, CO",(303) 843-6080,,http://phobomdenver.com/,"8800 E Hampden Ave, Denver, CO 80231, USA",ChIJrYNF05iHbIcRrLSG5o5cuyM
Ultra Lounge East,restaurants,"Denver, CO",(720) 551-4626,,https://ultraloungeco.com/,"9755 E Hampden Ave, Denver, CO 80231, USA",ChIJY_SsjMeHbIcRBObb3puiYQ8
Goyos Grill,restaurants,"Denver, CO",(720) 882-5900,,https://www.instagram.com/goyos_grill_llc/,"10101 E Hampden Ave, Denver, CO 80231, USA",ChIJwS3kJ_yHbIcRC3pNiCHLk_E
Pupusas Y Tacos Los Reyes,restaurants,"Denver, CO",(303) 537-4922,,http://pupusasytacos.com/,"10101 E Hampden Ave #108, Denver, CO 80231, USA",ChIJC4Q6SiqHbIcR74PsXp1LaHQ
Den At Fox Hollow,restaurants,"Denver, CO",(303) 986-9990,,https://www.thedenfoxhollow.com/,"13410 Morrison Rd, Lakewood, CO 80228, USA",ChIJ1UBY_0eCa4cRZA61X7sqc6I
Piggin' Out Smokehouse,restaurants,"Denver, CO",(303) 988-2749,,https://www.pigginout.com/,"9987 Morrison Rd, Lakewood, CO 80227, USA",ChIJsy3D2JCBa4cRkyI4INpFMx4
Ecos de México,restaurants,"Denver, CO",(720) 309-5192,,https://www.ecosdemexico24.com/,"3101 S Kipling St, Lakewood, CO 80227, USA",ChIJdaQoqN6Ba4cRcaW4hoonhG4
Moe's Original BBQ,restaurants,"Denver, CO",(303) 984-7427,,https://www.moesoriginalbbq.com/lo/bear-creek,"2589 S Lewis Way, Lakewood, CO 80227, USA",ChIJSWsCQZCBa4cRdmtOtbrKDGU
The Crawling Crab,restaurants,"Denver, CO",(303) 522-1111,,https://www.thecrawlingcrab.us/,"3215 S Wadsworth Blvd, Lakewood, CO 80227, USA",ChIJbXip9SyBa4cRcTKefoToUkQ
SmallTown Pizza Co,restaurants,"Denver, CO",(303) 984-4722,,https://www.smalltown-pizza-co.com/,"2740 S Wadsworth Blvd Unit A, Denver, CO 80227, USA",ChIJ6aSWLkiBa4cRRlF0XA--d_Y
The Garlic Knot - Bear Creek,restaurants,"Denver, CO",(303) 980-5668,,https://garlicknotco.com/,"3200 S Wadsworth Blvd A, Lakewood, CO 80227, USA",ChIJN25A4cyBa4cRwyQf2VzpO-c
Reddy Claws,restaurants,"Denver, CO",(720) 428-8212,,https://reddyclaws.com/,"3234 S Wadsworth Blvd Unit #N, Lakewood, CO 80227, USA",ChIJqU7v-ZWBa4cRbpRPkyzmMLU
Falafel House & Grill,restaurants,"Denver, CO",(303) 955-2642,,https://falafelhouseorderonline.com/,"3214 S Wadsworth Blvd f, Denver, CO 80227, USA",ChIJfXMh48yBa4cRcanwW-C5U88
Village Inn,restaurants,"Denver, CO",(303) 985-3608,,https://www.villageinn.com/lakewood-co-wadsworth-and-eastman,"3160 S Wadsworth Blvd, Lakewood, CO 80227, USA",ChIJ1fRxacuBa4cRjBkfqXaY_a0
El Sabor De Mi Puebla,restaurants,"Denver, CO",(720) 723-9200,,https://www.facebook.com/profile.php?id=100063767044190&mibextid=ZbWKwL,"2804 S Federal Blvd, Denver, CO 80236, USA",ChIJtY7VmP5_bIcR73OEZOptkDc
Barbacoa El Oso,restaurants,"Denver, CO",(720) 697-3942,,,"3000 S Federal Blvd, Denver, CO 80236, USA",ChIJ_95PURV_bIcR_g5CbDzP73E
Breakfast On Broadway,restaurants,"Denver, CO",(303) 788-9998,,http://www.breakfastonbroadway.com/,"2901 S Broadway, Englewood, CO 80113, USA",ChIJQ56nuTF-bIcRrOlx4EmYaM4
El Tejado Denver,restaurants,"Denver, CO",(303) 722-3987,,https://eltejadomexicanrestaurants.net/,"2651 S Broadway, Denver, CO 80210, USA",ChIJ41LjbM1_bIcRmM3WPCcU4Yk
Colore Italian Restaurant - Broadway (Englewood),restaurants,"Denver, CO",(303) 761-4332,,https://coloreitalian.com/,"2700 S Broadway, Englewood, CO 80113, USA",ChIJsyIGn9J_bIcRAbtDte41_7M
Blazing Bird (Englewood),restaurants,"Denver, CO",(720) 476-3849,,http://www.theblazingbird.com/,"2950 S Broadway b, Englewood, CO 80113, USA",ChIJjRoh-lt_bIcROI0VJjeSZO4
Wok Spicy 川天地,restaurants,"Denver, CO",(303) 226-0145,,https://wokspicy.com/,"3021 S Broadway, Englewood, CO 80113, USA",ChIJ6aUcS_B_bIcRLZxtXJkBxGU
